{"cameraMode":{"drawMode":0,"name":"Shaded","section":"Shading Mode"},"sceneLighting":true,"audioPlay":false,"sceneViewState":{"showFog":true,"showMaterialUpdate":true,"showSkybox":true,"showFlares":true,"showImageEffects":true,"showParticleSystems":true},"in2DMode":false,"pivot":{"x":458.8779296875,"y":696.7442016601563,"z":63.855186462402347},"rotation":{"x":0.01213510986417532,"y":-0.168373703956604,"z":0.0020629630889743568,"w":0.9856613874435425},"size":787.413818359375,"orthographic":false}