{"cameraMode":{"drawMode":0,"name":"Shaded","section":"Shading Mode"},"sceneLighting":true,"audioPlay":false,"sceneViewState":{"showFog":true,"showMaterialUpdate":true,"showSkybox":true,"showFlares":true,"showImageEffects":true,"showParticleSystems":true},"in2DMode":false,"pivot":{"x":0.015492778271436692,"y":1.5511327981948853,"z":0.0865827202796936},"rotation":{"x":0.037800051271915439,"y":0.01648864708840847,"z":-0.0006386782042682171,"w":0.9992335438728333},"size":0.4784036874771118,"orthographic":false}