{"cameraMode":{"drawMode":0,"name":"Shaded","section":"Shading Mode"},"sceneLighting":true,"audioPlay":false,"sceneViewState":{"showFog":true,"showMaterialUpdate":true,"showSkybox":true,"showFlares":true,"showImageEffects":true,"showParticleSystems":true},"in2DMode":false,"pivot":{"x":654.2135620117188,"y":558.6268310546875,"z":-46.64208984375},"rotation":{"x":0.037785906344652179,"y":-0.028482452034950258,"z":0.0010662601562216879,"w":0.9988963603973389},"size":422.45489501953127,"orthographic":false}