{"cameraMode":{"drawMode":0,"name":"Shaded","section":"Shading Mode"},"sceneLighting":false,"audioPlay":false,"sceneViewState":{"showFog":true,"showMaterialUpdate":true,"showSkybox":false,"showFlares":true,"showImageEffects":true,"showParticleSystems":true},"in2DMode":false,"pivot":{"x":629.273193359375,"y":405.0,"z":-0.13641458749771119},"rotation":{"x":-0.10840000957250595,"y":0.10271123051643372,"z":0.011241350322961808,"w":0.9888101816177368},"size":804.1634521484375,"orthographic":false}