{"cameraMode":{"drawMode":0,"name":"Shaded","section":"Shading Mode"},"sceneLighting":true,"audioPlay":false,"sceneViewState":{"showFog":true,"showMaterialUpdate":true,"showSkybox":true,"showFlares":true,"showImageEffects":true,"showParticleSystems":true},"in2DMode":false,"pivot":{"x":-0.13195554912090302,"y":2.125713586807251,"z":-0.7177555561065674},"rotation":{"x":0.0737261101603508,"y":-0.02207789197564125,"z":0.002150401473045349,"w":0.9971991181373596},"size":0.22778159379959107,"orthographic":false}