{"cameraMode":{"drawMode":0,"name":"Shaded","section":"Shading Mode"},"sceneLighting":true,"audioPlay":false,"sceneViewState":{"showFog":true,"showMaterialUpdate":true,"showSkybox":true,"showFlares":true,"showImageEffects":true,"showParticleSystems":true},"in2DMode":false,"pivot":{"x":-1.8678224086761475,"y":1.8519628047943116,"z":19.569664001464845},"rotation":{"x":-0.0048094093799591068,"y":0.03690012916922569,"z":-0.00014804051897954196,"w":-0.9994414448738098},"size":11.222238540649414,"orthographic":false}