{"cameraMode":{"drawMode":0,"name":"Shaded","section":"Shading Mode"},"sceneLighting":true,"audioPlay":false,"sceneViewState":{"showFog":true,"showMaterialUpdate":true,"showSkybox":false,"showFlares":true,"showImageEffects":true,"showParticleSystems":true},"in2DMode":false,"pivot":{"x":-0.24300003051757813,"y":1.9755001068115235,"z":9.763999938964844},"rotation":{"x":-0.030527789145708085,"y":-0.5398316979408264,"z":0.019652971997857095,"w":-0.841113269329071},"size":23.52355194091797,"orthographic":false}